caminho,doi,meio,pedra
0.6121719759088993,0.0,0.6121719759088993,0.5004907030341202
0.6121719759088993,0.0,0.6121719759088993,0.5004907030341202
0.0,0.0,0.0,1.0
0.3745507169819168,0.5868060758674488,0.3745507169819168,0.6124395073325283
